{
    "pools": [
      {
        "rolls":  {
            "min": 1,
            "max": 5
        },
        "entries": [
            {
                "type": "minecraft:item",
                "name": "minecraft:enchanted_book"
            }
        ]
    }, {
        "rolls": 15,
        "entries": [
            {
                "type": "minecraft:item",
                "name": "minecraft:iron_axe",
                "weight": 2,
                "functions": [{
                    "function": "minecraft:enchant_randomly"
                }, {
                    "function": "minecraft:set_count",
                    "count": {
                        "min": 1,
                        "max": 15
                    }
                }]
            },
            {
                "type": "minecraft:item",
                "name": "minecraft:iron_hoe",
                "weight": 5,
                "functions": [{
                    "function": "minecraft:enchant_randomly"
                }, {
                    "function": "minecraft:set_count",
                    "count": {
                        "min": 1,
                        "max": 15
                    }
                }]
            },
            {
                "type": "minecraft:item",
                "name": "minecraft:iron_pickaxe",
                "weight": 2,
                "functions": [{
                    "function": "minecraft:enchant_randomly"
                }, {
                    "function": "minecraft:set_count",
                    "count": {
                        "min": 1,
                        "max": 15
                    }
                }]
            },
            {
                "type": "minecraft:item",
                "name": "minecraft:iron_shovel",
                "weight": 2,
                "functions": [{
                    "function": "minecraft:enchant_randomly"
                }, {
                    "function": "minecraft:set_count",
                    "count": {
                        "min": 1,
                        "max": 15
                    }
                }]
            },
            {
                "type": "minecraft:item",
                "name": "minecraft:iron_sword",
                "weight": 2,
                "functions": [{
                    "function": "minecraft:enchant_randomly"
                }, {
                    "function": "minecraft:set_count",
                    "count": {
                        "min": 1,
                        "max": 15
                    }
                }]
            },
            {
                "type": "minecraft:item",
                "name": "minecraft:iron_boots",
                "weight": 2,
                "functions": [{
                    "function": "minecraft:enchant_randomly"
                }, {
                    "function": "minecraft:set_count",
                    "count": {
                        "min": 1,
                        "max": 15
                    }
                }]
            },
            {
                "type": "minecraft:item",
                "name": "minecraft:iron_leggings",
                "weight": 2,
                "functions": [{
                    "function": "minecraft:enchant_randomly"
                }, {
                    "function": "minecraft:set_count",
                    "count": {
                        "min": 1,
                        "max": 15
                    }
                }]
            },
            {
                "type": "minecraft:item",
                "name": "minecraft:iron_chestplate",
                "weight": 2,
                "functions": [{
                    "function": "minecraft:enchant_randomly"
                }, {
                    "function": "minecraft:set_count",
                    "count": {
                        "min": 1,
                        "max": 15
                    }
                }]
            },
            {
                "type": "minecraft:item",
                "name": "minecraft:iron_helmet",
                "weight": 2,
                "functions": [{
                    "function": "minecraft:enchant_randomly"
                }, {
                    "function": "minecraft:set_count",
                    "count": {
                        "min": 1,
                        "max": 15
                    }
                }]
            },
            {
                "type": "minecraft:item",
                "name": "minecraft:iron_horse_armor",
                "weight": 2
            },
            {
                "type": "minecraft:item",
                "name": "minecraft:iron_ingot",
                "weight": 2
            },
            {
                "type": "minecraft:item",
                "name": "minecraft:iron_nugget",
                "weight": 2
            },
            {
                "type": "minecraft:item",
                "name": "minecraft:raw_iron",
                "weight": 2
            },
            {
                "type": "minecraft:item",
                "name": "minecraft:chainmail_boots",
                "weight": 2,
                "functions": [{
                    "function": "minecraft:enchant_randomly"
                }, {
                    "function": "minecraft:set_count",
                    "count": {
                        "min": 1,
                        "max": 15
                    }
                }]
            },
            {
                "type": "minecraft:item",
                "name": "minecraft:chainmail_chestplate",
                "weight": 2,
                "functions": [{
                    "function": "minecraft:enchant_randomly"
                }, {
                    "function": "minecraft:set_count",
                    "count": {
                        "min": 1,
                        "max": 15
                    }
                }]
            },
            {
                "type": "minecraft:item",
                "name": "minecraft:chainmail_helmet",
                "weight": 2,
                "functions": [{
                    "function": "minecraft:enchant_randomly"
                }, {
                    "function": "minecraft:set_count",
                    "count": {
                        "min": 1,
                        "max": 15
                    }
                }]
            },
            {
                "type": "minecraft:item",
                "name": "minecraft:chainmail_leggings",
                "weight": 2,
                "functions": [{
                    "function": "minecraft:enchant_randomly"
                }, {
                    "function": "minecraft:set_count",
                    "count": {
                        "min": 1,
                        "max": 15
                    }
                }]
            },
            {
                "type": "minecraft:item",
                "name": "minecraft:copper_ingot",
                "weight": 2
            },
            {
                "type": "minecraft:item",
                "name": "minecraft:raw_copper",
                "weight": 2
            },
            {
                "type": "minecraft:item",
                "name": "minecraft:gold_nugget",
                "weight": 2
            },
            {
                "type": "minecraft:item",
                "name": "minecraft:raw_gold",
                "weight": 2
            },
            {
                "type": "minecraft:item",
                "name": "minecraft:quartz",
                "weight": 2
            },
            {
                "type": "minecraft:item",
                "name": "minecraft:amethyst_shard",
                "weight": 2
            },
            {
                "type": "minecraft:item",
                "name": "minecraft:lapis_lazuli",
                "weight": 2
            },
            {
                "type": "minecraft:item",
                "name": "minecraft:redstone",
                "weight": 2
            },
            {
                "type": "minecraft:item",
                "name": "minecraft:emerald",
                "weight": 2
            },
            {
                "type": "minecraft:item",
                "name": "minecraft:enchanted_book",
                "weight": 7
            }
        ]
    }, {
        "rolls": 1,
        "entries": [
            {
                "type": "minecraft:item",
                "name": "minecraft:golden_boots",
                "weight": 2,
                "functions": [{
                    "function": "minecraft:enchant_randomly"
                }]
            },
            {
                "type": "minecraft:item",
                "name": "minecraft:golden_leggings",
                "weight": 2,
                "functions": [{
                    "function": "minecraft:enchant_randomly"
                }, {
                    "function": "minecraft:set_count",
                    "count": {
                        "min": 1,
                        "max": 15
                    }
                }]
            },
            {
                "type": "minecraft:item",
                "name": "minecraft:golden_chestplate",
                "weight": 2,
                "functions": [{
                    "function": "minecraft:enchant_randomly"
                }, {
                    "function": "minecraft:set_count",
                    "count": {
                        "min": 1,
                        "max": 15
                    }
                }]
            },
            {
                "type": "minecraft:item",
                "name": "minecraft:golden_helmet",
                "weight": 2,
                "functions": [{
                    "function": "minecraft:enchant_randomly"
                }, {
                    "function": "minecraft:set_count",
                    "count": {
                        "min": 1,
                        "max": 15
                    }
                }]
            },
            {
                "type": "minecraft:item",
                "name": "minecraft:golden_hoe",
                "weight": 4,
                "functions": [{
                    "function": "minecraft:enchant_randomly"
                }, {
                    "function": "minecraft:set_count",
                    "count": {
                        "min": 1,
                        "max": 15
                    }
                }]
            },
            {
                "type": "minecraft:item",
                "name": "minecraft:golden_axe",
                "weight": 2,
                "functions": [{
                    "function": "minecraft:enchant_randomly"
                }, {
                    "function": "minecraft:set_count",
                    "count": {
                        "min": 1,
                        "max": 15
                    }
                }]
            },
            {
                "type": "minecraft:item",
                "name": "minecraft:golden_pickaxe",
                "weight": 2,
                "functions": [{
                    "function": "minecraft:enchant_randomly"
                }, {
                    "function": "minecraft:set_count",
                    "count": {
                        "min": 1,
                        "max": 15
                    }
                }]
            },
            {
                "type": "minecraft:item",
                "name": "minecraft:golden_shovel",
                "weight": 2,
                "functions": [{
                    "function": "minecraft:enchant_randomly"
                }, {
                    "function": "minecraft:set_count",
                    "count": {
                        "min": 1,
                        "max": 15
                    }
                }]
            },
            {
                "type": "minecraft:item",
                "name": "minecraft:golden_sword",
                "weight": 2,
                "functions": [{
                    "function": "minecraft:enchant_randomly"
                }, {
                    "function": "minecraft:set_count",
                    "count": {
                        "min": 1,
                        "max": 15
                    }
                }]
            },
            {
                "type": "minecraft:item",
                "name": "minecraft:gold_ingot",
                "weight": 2
            },
            {
                "type": "minecraft:item",
                "name": "minecraft:golden_horse_armor",
                "weight": 2
            },
            {
                "type": "minecraft:item",
                "name": "minecraft:diamond",
                "weight": 2
            },
            {
                "type": "minecraft:item",
                "name": "minecraft:diamond_hoe",
                "weight": 7,
                "functions": [{
                    "function": "minecraft:enchant_randomly"
                }, {
                    "function": "minecraft:set_count",
                    "count": {
                        "min": 1,
                        "max": 15
                    }
                }]
            },
            {
                "type": "minecraft:item",
                "name": "minecraft:diamond_pickaxe",
                "weight": 2,
                "functions": [{
                    "function": "minecraft:enchant_randomly"
                }, {
                    "function": "minecraft:set_count",
                    "count": {
                        "min": 1,
                        "max": 15
                    }
                }]
            },
            {
                "type": "minecraft:item",
                "name": "minecraft:diamond_sword",
                "weight": 2,
                "functions": [{
                    "function": "minecraft:enchant_randomly"
                }, {
                    "function": "minecraft:set_count",
                    "count": {
                        "min": 1,
                        "max": 15
                    }
                }]
            },
            {
                "type": "minecraft:item",
                "name": "minecraft:diamond_shovel",
                "weight": 2,
                "functions": [{
                    "function": "minecraft:enchant_randomly"
                }, {
                    "function": "minecraft:set_count",
                    "count": {
                        "min": 1,
                        "max": 15
                    }
                }]
            },
            {
                "type": "minecraft:item",
                "name": "minecraft:diamond_axe",
                "weight": 2,
                "functions": [{
                    "function": "minecraft:enchant_randomly"
                }, {
                    "function": "minecraft:set_count",
                    "count": {
                        "min": 1,
                        "max": 15
                    }
                }]
            },
            {
                "type": "minecraft:item",
                "name": "minecraft:diamond_boots",
                "weight": 2,
                "functions": [{
                    "function": "minecraft:enchant_randomly"
                }, {
                    "function": "minecraft:set_count",
                    "count": {
                        "min": 1,
                        "max": 15
                    }
                }]
            },
            {
                "type": "minecraft:item",
                "name": "minecraft:diamond_leggings",
                "weight": 2,
                "functions": [{
                    "function": "minecraft:enchant_randomly"
                }, {
                    "function": "minecraft:set_count",
                    "count": {
                        "min": 1,
                        "max": 15
                    }
                }]
            },
            {
                "type": "minecraft:item",
                "name": "minecraft:diamond_chestplate",
                "weight": 2,
                "functions": [{
                    "function": "minecraft:enchant_randomly"
                }, {
                    "function": "minecraft:set_count",
                    "count": {
                        "min": 1,
                        "max": 15
                    }
                }]
            },
            {
                "type": "minecraft:item",
                "name": "minecraft:diamond_helmet",
                "weight": 2,
                "functions": [{
                    "function": "minecraft:enchant_randomly"
                }, {
                    "function": "minecraft:set_count",
                    "count": {
                        "min": 1,
                        "max": 15
                    }
                }]
            },
            {
                "type": "minecraft:item",
                "name": "minecraft:emerald",
                "weight": 2
            },
            {
                "type": "minecraft:item",
                "name": "minecraft:emerald_block",
                "weight": 2
            },
            {
                "type": "minecraft:item",
                "name": "minecraft:netherite_hoe",
                "weight": 1,
                "functions": [{
                    "function": "minecraft:enchant_randomly"
                }, {
                    "function": "minecraft:set_count",
                    "count": {
                        "min": 1,
                        "max": 15
                    }
                }]
            },
            {
                "type": "minecraft:item",
                "name": "minecraft:trident",
                "weight": 1,
                "functions": [{
                    "function": "minecraft:enchant_randomly"
                }, {
                    "function": "minecraft:set_count",
                    "count": {
                        "min": 1,
                        "max": 15
                    }
                }]
            },
            {
                "type": "minecraft:item",
                "name": "minecraft:enchanted_book",
                "weight": 7
            },
            {
                "type": "minecraft:item",
                "name": "minecraft:diamond_horse_armor",
                "weight": 2
            }
        ]
    }]
}
  