{
    "type": "minecraft:chest",
    "pools": [{
        "rolls": {
            "min": 1,
            "max": 5
        },
        "entries": [
            {
                "type": "minecraft:item",
                "name": "minecraft:red_candle",
                "weight": 2,
                "functions": [{
                    "function": "minecraft:set_count",
                    "count": {
                        "min": 1,
                        "max": 15
                    }
                }]
            },
            {
                "type": "minecraft:item",
                "name": "minecraft:light_blue_candle",
                "weight": 2,
                "functions": [{
                    "function": "minecraft:set_count",
                    "count": {
                        "min": 1,
                        "max": 15
                    }
                }]
            },
            {
                "type": "minecraft:item",
                "name": "minecraft:brown_candle",
                "weight": 2,
                "functions": [{
                    "function": "minecraft:set_count",
                    "count": {
                        "min": 1,
                        "max": 15
                    }
                }]
            },
            {
                "type": "minecraft:item",
                "name": "minecraft:black_candle",
                "weight": 2,
                "functions": [{
                    "function": "minecraft:set_count",
                    "count": {
                        "min": 1,
                        "max": 15
                    }
                }]
            },
            {
                "type": "minecraft:item",
                "name": "minecraft:cyan_candle",
                "weight": 2,
                "functions": [{
                    "function": "minecraft:set_count",
                    "count": {
                        "min": 1,
                        "max": 15
                    }
                }]
            },
            {
                "type": "minecraft:item",
                "name": "minecraft:honeycomb",
                "weight": 2,
                "functions": [{
                    "function": "minecraft:set_count",
                    "count": {
                        "min": 1,
                        "max": 15
                    }
                }]
            },
            {
                "type": "minecraft:item",
                "name": "minecraft:string",
                "weight": 2,
                "functions": [{
                    "function": "minecraft:set_count",
                    "count": {
                        "min": 1,
                        "max": 15
                    }
                }]
            },
            {
                "type": "minecraft:item",
                "name": "minecraft:enchanted_book",
                "weight": 2,
                "functions": [{
                    "function": "minecraft:set_count",
                    "count": {
                        "min": 1,
                        "max": 15
                    }
                }, {
                    "function": "minecraft:set_name",
                    "entity": "this",
                    "name": "Weapons Ticket"
                }]
            },
            {
                "type": "minecraft:item",
                "name": "minecraft:orange_candle",
                "weight": 2,
                "functions": [{
                    "function": "minecraft:set_count",
                    "count": {
                        "min": 1,
                        "max": 15
                    }
                }]
            },
            {
                "type": "minecraft:item",
                "name": "minecraft:green_candle",
                "weight": 2,
                "functions": [{
                    "function": "minecraft:set_count",
                    "count": {
                        "min": 1,
                        "max": 15
                    }
                }]
            },
            {
                "type": "minecraft:item",
                "name": "minecraft:blue_candle",
                "weight": 2,
                "functions": [{
                    "function": "minecraft:set_count",
                    "count": {
                        "min": 1,
                        "max": 15
                    }
                }]
            },
            {
                "type": "minecraft:item",
                "name": "minecraft:purple_candle",
                "weight": 2,
                "functions": [{
                    "function": "minecraft:set_count",
                    "count": {
                        "min": 1,
                        "max": 15
                    }
                }]
            },
            {
                "type": "minecraft:item",
                "name": "minecraft:gray_candle",
                "weight": 2,
                "functions": [{
                    "function": "minecraft:set_count",
                    "count": {
                        "min": 1,
                        "max": 15
                    }
                }]
            },
            {
                "type": "minecraft:item",
                "name": "minecraft:candle",
                "weight": 2,
                "functions": [{
                    "function": "minecraft:set_count",
                    "count": {
                        "min": 1,
                        "max": 15
                    }
                }]
            },
            {
                "type": "minecraft:item",
                "name": "minecraft:yellow_candle",
                "weight": 2,
                "functions": [{
                    "function": "minecraft:set_count",
                    "count": {
                        "min": 1,
                        "max": 15
                    }
                }]
            },
            {
                "type": "minecraft:item",
                "name": "minecraft:lime_candle",
                "weight": 2,
                "functions": [{
                    "function": "minecraft:set_count",
                    "count": {
                        "min": 1,
                        "max": 15
                    }
                }]
            },
            {
                "type": "minecraft:item",
                "name": "minecraft:pink_candle",
                "weight": 2,
                "functions": [{
                    "function": "minecraft:set_count",
                    "count": {
                        "min": 1,
                        "max": 15
                    }
                }]
            },
            {
                "type": "minecraft:item",
                "name": "minecraft:magenta_candle",
                "weight": 2,
                "functions": [{
                    "function": "minecraft:set_count",
                    "count": {
                        "min": 1,
                        "max": 15
                    }
                }]
            },
            {
                "type": "minecraft:item",
                "name": "minecraft:light_gray_candle",
                "weight": 2,
                "functions": [{
                    "function": "minecraft:set_count",
                    "count": {
                        "min": 1,
                        "max": 15
                    }
                }]
            },
            {
                "type": "minecraft:item",
                "name": "minecraft:white_candle",
                "weight": 2,
                "functions": [{
                    "function": "minecraft:set_count",
                    "count": {
                        "min": 1,
                        "max": 15
                    }
                }]
            },
            {
                "type": "minecraft:item",
                "name": "minecraft:name_tag",
                "weight": 2,
                "functions": [{
                    "function": "minecraft:set_count",
                    "count": {
                        "min": 1,
                        "max": 15
                    }
                }]
            },
            {
                "type": "minecraft:item",
                "name": "minecraft:nautilus_shell",
                "weight": 2,
                "functions": [{
                    "function": "minecraft:set_count",
                    "count": {
                        "min": 1,
                        "max": 15
                    }
                }]
            }
        ]
    }]
}
  