{
    "pools": [
    {
        "rolls": {
            "min": 1,
            "max": 5
        },
        "entries": [{
                "type": "minecraft:item",
                "name": "minecraft:writable_book",
                "weight": 2,
                "functions": [{
                    "function": "minecraft:set_count",
                    "count": {
                        "min": 1,
                        "max": 15
                    }
                }]
            },
            {
                "type": "minecraft:item",
                "name": "minecraft:book",
                "weight": 2,
                "functions": [{
                    "function": "minecraft:set_count",
                    "count": {
                        "min": 1,
                        "max": 15
                    }
                }]
            },
            {
                "type": "minecraft:item",
                "name": "minecraft:feather",
                "weight": 2,
                "functions": [{
                    "function": "minecraft:set_count",
                    "count": {
                        "min": 1,
                        "max": 15
                    }
                }]
            },
            {
                "type": "minecraft:item",
                "name": "minecraft:paper",
                "weight": 2,
                "functions": [{
                    "function": "minecraft:set_count",
                    "count": {
                        "min": 1,
                        "max": 15
                    }
                }]
            },
            {
                "type": "minecraft:item",
                "name": "minecraft:map",
                "weight": 2,
                "functions": [{
                    "function": "minecraft:set_count",
                    "count": {
                        "min": 1,
                        "max": 15
                    }
                }]
            },
            {
                "type": "minecraft:item",
                "name": "minecraft:glow_ink_sac",
                "weight": 2,
                "functions": [{
                    "function": "minecraft:set_count",
                    "count": {
                        "min": 1,
                        "max": 15
                    }
                }]
            },
            {
                "type": "minecraft:item",
                "name": "minecraft:ink_sac",
                "weight": 2,
                "functions": [{
                    "function": "minecraft:set_count",
                    "count": {
                        "min": 1,
                        "max": 15
                    }
                }]
            },
            {
                "type": "minecraft:item",
                "name": "minecraft:bowl",
                "weight": 2,
                "functions": [{
                    "function": "minecraft:set_count",
                    "count": {
                        "min": 1,
                        "max": 15
                    }
                }]
            },
            {
                "type": "minecraft:item",
                "name": "minecraft:compass",
                "weight": 2,
                "functions": [{
                    "function": "minecraft:set_count",
                    "count": {
                        "min": 1,
                        "max": 15
                    }
                }]
            },
            {
                "type": "minecraft:item",
                "name": "minecraft:stick",
                "weight": 2,
                "functions": [{
                    "function": "minecraft:set_count",
                    "count": {
                        "min": 1,
                        "max": 15
                    }
                }]
            },
            {
                "type": "minecraft:item",
                "name": "minecraft:name_tag",
                "weight": 2,
                "functions": [{
                    "function": "minecraft:set_count",
                    "count": {
                        "min": 1,
                        "max": 15
                    }
                }]
            },
            {
                "type": "minecraft:item",
                "name": "minecraft:rabbit_stew",
                "weight": 2,
                "functions": [{
                    "function": "minecraft:set_count",
                    "count": {
                        "min": 1,
                        "max": 15
                    }
                }]
            },
            {
                "type": "minecraft:item",
                "name": "minecraft:cooked_mutton",
                "weight": 2,
                "functions": [{
                    "function": "minecraft:set_count",
                    "count": {
                        "min": 1,
                        "max": 15
                    }
                }]
            },
            {
                "type": "minecraft:item",
                "name": "minecraft:cooked_cod",
                "weight": 2,
                "functions": [{
                    "function": "minecraft:set_count",
                    "count": {
                        "min": 1,
                        "max": 15
                    }
                }]
            }
        ]
    }]
}
  