{
    "type": "minecraft:chest",
    "pools": [
        {
        "rolls": {
            "min": 1,
            "max": 5
        },
        "entries": [
            {
                "type": "minecraft:item",
                "name": "minecraft:skull_banner_pattern",
                "weight": 2,
                "functions": [{
                    "function": "minecraft:set_count",
                    "count": {
                        "min": 1,
                        "max": 15
                    }
                }]
            },
            {
                "type": "minecraft:item",
                "name": "minecraft:mojang_banner_pattern",
                "weight": 2,
                "functions": [{
                    "function": "minecraft:set_count",
                    "count": {
                        "min": 1,
                        "max": 15
                    }
                }]
            },
            {
                "type": "minecraft:item",
                "name": "minecraft:flower_banner_pattern",
                "weight": 2,
                "functions": [{
                    "function": "minecraft:set_count",
                    "count": {
                        "min": 1,
                        "max": 15
                    }
                }]
            },
            {
                "type": "minecraft:item",
                "name": "minecraft:globe_banner_pattern",
                "weight": 2,
                "functions": [{
                    "function": "minecraft:set_count",
                    "count": {
                        "min": 1,
                        "max": 15
                    }
                }]
            },
            {
                "type": "minecraft:item",
                "name": "minecraft:creeper_banner_pattern",
                "weight": 2,
                "functions": [{
                    "function": "minecraft:set_count",
                    "count": {
                        "min": 1,
                        "max": 15
                    }
                }]
            },
            {
                "type": "minecraft:item",
                "name": "minecraft:piglin_banner_pattern",
                "weight": 2,
                "functions": [{
                    "function": "minecraft:set_count",
                    "count": {
                        "min": 1,
                        "max": 15
                    }
                }]
            },
            {
                "type": "minecraft:item",
                "name": "minecraft:name_tag",
                "weight": 2,
                "functions": [{
                    "function": "minecraft:set_count",
                    "count": {
                        "min": 1,
                        "max": 15
                    }
                }]
            },
            {
                "type": "minecraft:item",
                "name": "minecraft:enchanted_book",
                "weight": 2,
                "functions": [{
                    "function": "minecraft:set_count",
                    "count": {
                        "min": 1,
                        "max": 15
                    }
                }, {
                    "function": "minecraft:set_name",
                    "entity": "this",
                    "name": "Weapons Ticket"
                }]
            },
            {
                "type": "minecraft:item",
                "name": "minecraft:nautilus_shell",
                "weight": 2,
                "functions": [{
                    "function": "minecraft:set_count",
                    "count": {
                        "min": 1,
                        "max": 15
                    }
                }]
            },
            {
                "type": "minecraft:item",
                "name": "minecraft:tide_armor_trim_smithing_template",
                "weight": 2,
                "functions": [{
                    "function": "minecraft:set_count",
                    "count": {
                        "min": 1,
                        "max": 15
                    }
                }]
            },
            {
                "type": "minecraft:item",
                "name": "minecraft:vex_armor_trim_smithing_template",
                "weight": 2,
                "functions": [{
                    "function": "minecraft:set_count",
                    "count": {
                        "min": 1,
                        "max": 15
                    }
                }]
            },
            {
                "type": "minecraft:item",
                "name": "minecraft:wayfinder_armor_trim_smithing_template",
                "weight": 2,
                "functions": [{
                    "function": "minecraft:set_count",
                    "count": {
                        "min": 1,
                        "max": 15
                    }
                }]
            },
            {
                "type": "minecraft:item",
                "name": "minecraft:coast_armor_trim_smithing_template",
                "weight": 2,
                "functions": [{
                    "function": "minecraft:set_count",
                    "count": {
                        "min": 1,
                        "max": 15
                    }
                }]
            },
            {
                "type": "minecraft:item",
                "name": "minecraft:host_armor_trim_smithing_template",
                "weight": 2,
                "functions": [{
                    "function": "minecraft:set_count",
                    "count": {
                        "min": 1,
                        "max": 15
                    }
                }]
            },
            {
                "type": "minecraft:item",
                "name": "minecraft:sentry_armor_trim_smithing_template",
                "weight": 2,
                "functions": [{
                    "function": "minecraft:set_count",
                    "count": {
                        "min": 1,
                        "max": 15
                    }
                }]
            },
            {
                "type": "minecraft:item",
                "name": "minecraft:ward_armor_trim_smithing_template",
                "weight": 2,
                "functions": [{
                    "function": "minecraft:set_count",
                    "count": {
                        "min": 1,
                        "max": 15
                    }
                }]
            },
            {
                "type": "minecraft:item",
                "name": "minecraft:shaper_armor_trim_smithing_template",
                "weight": 2,
                "functions": [{
                    "function": "minecraft:set_count",
                    "count": {
                        "min": 1,
                        "max": 15
                    }
                }]
            },
            {
                "type": "minecraft:item",
                "name": "minecraft:raiser_armor_trim_smithing_template",
                "weight": 2,
                "functions": [{
                    "function": "minecraft:set_count",
                    "count": {
                        "min": 1,
                        "max": 15
                    }
                }]
            },
            {
                "type": "minecraft:item",
                "name": "minecraft:wild_armor_trim_smithing_template",
                "weight": 2,
                "functions": [{
                    "function": "minecraft:set_count",
                    "count": {
                        "min": 1,
                        "max": 15
                    }
                }]
            },
            {
                "type": "minecraft:item",
                "name": "minecraft:dune_armor_trim_smithing_template",
                "weight": 2,
                "functions": [{
                    "function": "minecraft:set_count",
                    "count": {
                        "min": 1,
                        "max": 15
                    }
                }]
            }
        ]
    }]
}
  