{
    "type": "minecraft:chest",
    "pools": [{
        "rolls": {
          "min": 1,
          "max": 5
        },
        "entries": [
            {
                "type": "minecraft:item",
                "name": "minecraft:rotten_flesh",
                "weight": 2,
                "functions": [{
                    "function": "minecraft:set_count",
                    "count": {
                        "min": 1,
                        "max": 15
                    }
                }]
            },
            {
                "type": "minecraft:item",
                "name": "minecraft:golden_carrot",
                "weight": 2,
                "functions": [{
                    "function": "minecraft:set_count",
                    "count": {
                        "min": 1,
                        "max": 15
                    }
                }]
            },
            {
                "type": "minecraft:item",
                "name": "minecraft:enchanted_book",
                "weight": 2,
                "functions": [{
                    "function": "minecraft:set_count",
                    "count": {
                        "min": 1,
                        "max": 15
                    }
                }, {
                    "function": "minecraft:set_name",
                    "entity": "this",
                    "name": "Weapons Ticket"
                }]
            },
            {
                "type": "minecraft:item",
                "name": "minecraft:golden_apple",
                "weight": 2,
                "functions": [{
                    "function": "minecraft:set_count",
                    "count": {
                        "min": 1,
                        "max": 15
                    }
                }]
            },
            {
                "type": "minecraft:item",
                "name": "minecraft:name_tag",
                "weight": 1,
                "functions": [{
                    "function": "minecraft:set_count",
                    "count": {
                        "min": 1,
                        "max": 15
                    }
                }]
            },
            {
                "type": "minecraft:item",
                "name": "minecraft:suspicious_stew",
                "weight": 8,
                "functions": [{
                    "function": "minecraft:set_count",
                    "count": {
                        "min": 1,
                        "max": 15
                    }
                }]
            }
        ]
    }, {
        "rolls": {
            "min": 1,
            "max": 5
        },
        "entries": [
            {
                "type": "minecraft:item",
                "name": "minecraft:stone_hoe",
                "weight": 2,
                "functions": [{
                    "function": "minecraft:set_count",
                    "count": {
                        "min": 1,
                        "max": 15
                    }
                }]
            },
            {
                "type": "minecraft:item",
                "name": "minecraft:stone_axe",
                "weight": 2,
                "functions": [{
                    "function": "minecraft:set_count",
                    "count": {
                        "min": 1,
                        "max": 15
                    }
                }]
            },
            {
                "type": "minecraft:item",
                "name": "minecraft:stone_pickaxe",
                "weight": 2,
                "functions": [{
                    "function": "minecraft:set_count",
                    "count": {
                        "min": 1,
                        "max": 15
                    }
                }]
            },
            {
                "type": "minecraft:item",
                "name": "minecraft:stone_shovel",
                "weight": 2,
                "functions": [{
                    "function": "minecraft:set_count",
                    "count": {
                        "min": 1,
                        "max": 15
                    }
                }]
            },
            {
                "type": "minecraft:item",
                "name": "minecraft:stone_sword",
                "weight": 2,
                "functions": [{
                    "function": "minecraft:set_count",
                    "count": {
                        "min": 1,
                        "max": 15
                    }
                }]
            },
            {
                "type": "minecraft:item",
                "name": "minecraft:crossbow",
                "weight": 1,
                "functions": [{
                    "function": "minecraft:set_count",
                    "count": {
                        "min": 1,
                        "max": 15
                    }
                }]
            },
            {
                "type": "minecraft:item",
                "name": "minecraft:bow",
                "weight": 2,
                "functions": [{
                    "function": "minecraft:set_count",
                    "count": {
                        "min": 1,
                        "max": 15
                    }
                }]
            },
            {
                "type": "minecraft:item",
                "name": "minecraft:leather_horse_armor",
                "weight": 2,
                "functions": [{
                    "function": "minecraft:set_count",
                    "count": {
                        "min": 1,
                        "max": 15
                    }
                }]
            },
            {
                "type": "minecraft:item",
                "name": "minecraft:leather",
                "weight": 2,
                "functions": [{
                    "function": "minecraft:set_count",
                    "count": {
                        "min": 1,
                        "max": 15
                    }
                }]
            },
            {
                "type": "minecraft:item",
                "name": "minecraft:wooden_hoe",
                "weight": 2,
                "functions": [{
                    "function": "minecraft:set_count",
                    "count": {
                        "min": 1,
                        "max": 15
                    }
                }]
            },
            {
                "type": "minecraft:item",
                "name": "minecraft:wooden_axe",
                "weight": 2,
                "functions": [{
                    "function": "minecraft:set_count",
                    "count": {
                        "min": 1,
                        "max": 15
                    }
                }]
            },
            {
                "type": "minecraft:item",
                "name": "minecraft:wooden_pickaxe",
                "weight": 2,
                "functions": [{
                    "function": "minecraft:set_count",
                    "count": {
                        "min": 1,
                        "max": 15
                    }
                }]
            },
            {
                "type": "minecraft:item",
                "name": "minecraft:wooden_shovel",
                "weight": 2,
                "functions": [{
                    "function": "minecraft:set_count",
                    "count": {
                        "min": 1,
                        "max": 15
                    }
                }]
            },
            {
                "type": "minecraft:item",
                "name": "minecraft:wooden_sword",
                "weight": 2,
                "functions": [{
                    "function": "minecraft:set_count",
                    "count": {
                        "min": 1,
                        "max": 15
                    }
                }]
            },
            {
                "type": "minecraft:item",
                "name": "minecraft:fishing_rod",
                "weight": 2,
                "functions": [{
                    "function": "minecraft:set_count",
                    "count": {
                        "min": 1,
                        "max": 15
                    }
                }]
            },
            {
                "type": "minecraft:item",
                "name": "minecraft:shears",
                "weight": 2,
                "functions": [{
                    "function": "minecraft:set_count",
                    "count": {
                        "min": 1,
                        "max": 15
                    }
                }]
            },
            {
                "type": "minecraft:item",
                "name": "minecraft:arrow",
                "weight": 5,
                "functions": [{
                    "function": "minecraft:set_count",
                    "count": {
                        "min": 1,
                        "max": 15
                    }
                }]
            },
            {
                "type": "minecraft:item",
                "name": "minecraft:shield",
                "weight": 2,
                "functions": [{
                    "function": "minecraft:set_count",
                    "count": {
                        "min": 1,
                        "max": 15
                    }
                }]
            },
            {
                "type": "minecraft:item",
                "name": "minecraft:enchanted_book",
                "weight": 2,
                "functions": [{
                    "function": "minecraft:set_count",
                    "count": {
                        "min": 1,
                        "max": 15
                    }
                }, {
                    "function": "minecraft:set_name",
                    "entity": "this",
                    "name": "Weapons Ticket"
                }]
            },
            {
                "type": "minecraft:item",
                "name": "minecraft:chainmail_boots",
                "weight": 2,
                "functions": [{
                    "function": "minecraft:set_count",
                    "count": {
                        "min": 1,
                        "max": 15
                    }
                }]
            },
            {
                "type": "minecraft:item",
                "name": "minecraft:chainmail_leggings",
                "weight": 2,
                "functions": [{
                    "function": "minecraft:set_count",
                    "count": {
                        "min": 1,
                        "max": 15
                    }
                }]
            },
            {
                "type": "minecraft:item",
                "name": "minecraft:chainmail_chestplate",
                "weight": 2,
                "functions": [{
                    "function": "minecraft:set_count",
                    "count": {
                        "min": 1,
                        "max": 15
                    }
                }]
            },
            {
                "type": "minecraft:item",
                "name": "minecraft:chainmail_helmet",
                "weight": 2,
                "functions": [{
                    "function": "minecraft:set_count",
                    "count": {
                        "min": 1,
                        "max": 15
                    }
                }]
            },
            {
                "type": "minecraft:item",
                "name": "minecraft:leather_boots",
                "weight": 2,
                "functions": [{
                    "function": "minecraft:set_count",
                    "count": {
                        "min": 1,
                        "max": 15
                    }
                }]
            },
            {
                "type": "minecraft:item",
                "name": "minecraft:leather_leggings",
                "weight": 2,
                "functions": [{
                    "function": "minecraft:set_count",
                    "count": {
                        "min": 1,
                        "max": 15
                    }
                }]
            },
            {
                "type": "minecraft:item",
                "name": "minecraft:leather_chestplate",
                "weight": 2,
                "functions": [{
                    "function": "minecraft:set_count",
                    "count": {
                        "min": 1,
                        "max": 15
                    }
                }]
            },
            {
                "type": "minecraft:item",
                "name": "minecraft:leather_helmet",
                "weight": 2,
                "functions": [{
                    "function": "minecraft:set_count",
                    "count": {
                        "min": 1,
                        "max": 15
                    }
                }]
            }
        ]
    }, {
        "rolls": {
            "min": 1,
            "max": 5
        },
        "entries": [
            {
                "type": "minecraft:item",
                "name": "minecraft:stick",
                "weight": 2,
                "functions": [{
                    "function": "minecraft:set_count",
                    "count": {
                        "min": 1,
                        "max": 15
                    }
                }]
            },
            {
                "type": "minecraft:item",
                "name": "minecraft:oak_button",
                "weight": 5,
                "functions": [{
                    "function": "minecraft:set_count",
                    "count": {
                        "min": 1,
                        "max": 15
                    }
                }]
            },
            {
                "type": "minecraft:item",
                "name": "minecraft:mangrove_log",
                "weight": 2,
                "functions": [{
                    "function": "minecraft:set_count",
                    "count": {
                        "min": 1,
                        "max": 15
                    }
                }]
            },
            {
                "type": "minecraft:item",
                "name": "minecraft:mangrove_log",
                "weight": 2,
                "functions": [{
                    "function": "minecraft:set_count",
                    "count": {
                        "min": 1,
                        "max": 15
                    }
                }]
            },
            {
                "type": "minecraft:item",
                "name": "minecraft:dark_oak_planks",
                "weight": 2,
                "functions": [{
                    "function": "minecraft:set_count",
                    "count": {
                        "min": 1,
                        "max": 15
                    }
                }]
            },
            {
                "type": "minecraft:item",
                "name": "minecraft:dark_oak_log",
                "weight": 2,
                "functions": [{
                    "function": "minecraft:set_count",
                    "count": {
                        "min": 1,
                        "max": 15
                    }
                }]
            },
            {
                "type": "minecraft:item",
                "name": "minecraft:spruce_planks",
                "weight": 2,
                "functions": [{
                    "function": "minecraft:set_count",
                    "count": {
                        "min": 1,
                        "max": 15
                    }
                }]
            },
            {
                "type": "minecraft:item",
                "name": "minecraft:spruce_log",
                "weight": 2,
                "functions": [{
                    "function": "minecraft:set_count",
                    "count": {
                        "min": 1,
                        "max": 15
                    }
                }]
            },
            {
                "type": "minecraft:item",
                "name": "minecraft:name_tag",
                "weight": 1,
                "functions": [{
                    "function": "minecraft:set_count",
                    "count": {
                        "min": 1,
                        "max": 15
                    }
                }]
            },
            {
                "type": "minecraft:item",
                "name": "minecraft:birch_planks",
                "weight": 2,
                "functions": [{
                    "function": "minecraft:set_count",
                    "count": {
                        "min": 1,
                        "max": 15
                    }
                }]
            },
            {
                "type": "minecraft:item",
                "name": "minecraft:birch_log",
                "weight": 2,
                "functions": [{
                    "function": "minecraft:set_count",
                    "count": {
                        "min": 1,
                        "max": 15
                    }
                }]
            },
            {
                "type": "minecraft:item",
                "name": "minecraft:cherry_planks",
                "weight": 2,
                "functions": [{
                    "function": "minecraft:set_count",
                    "count": {
                        "min": 1,
                        "max": 15
                    }
                }]
            },
            {
                "type": "minecraft:item",
                "name": "minecraft:cherry_log",
                "weight": 2,
                "functions": [{
                    "function": "minecraft:set_count",
                    "count": {
                        "min": 1,
                        "max": 15
                    }
                }]
            },
            {
                "type": "minecraft:item",
                "name": "minecraft:bamboo_planks",
                "weight": 2,
                "functions": [{
                    "function": "minecraft:set_count",
                    "count": {
                        "min": 1,
                        "max": 15
                    }
                }]
            },
            {
                "type": "minecraft:item",
                "name": "minecraft:bamboo_block",
                "weight": 2,
                "functions": [{
                    "function": "minecraft:set_count",
                    "count": {
                        "min": 1,
                        "max": 15
                    }
                }]
            },
            {
                "type": "minecraft:item",
                "name": "minecraft:enchanted_book",
                "weight": 2,
                "functions": [{
                    "function": "minecraft:set_count",
                    "count": {
                        "min": 1,
                        "max": 15
                    }
                }, {
                    "function": "minecraft:set_name",
                    "entity": "this",
                    "name": "Weapons Ticket"
                }]
            },
            {
                "type": "minecraft:item",
                "name": "minecraft:nautilus_shell",
                "weight": 1,
                "functions": [{
                    "function": "minecraft:set_count",
                    "count": {
                        "min": 1,
                        "max": 15
                    }
                }]
            },
            {
                "type": "minecraft:item",
                "name": "minecraft:jungle_planks",
                "weight": 2,
                "functions": [{
                    "function": "minecraft:set_count",
                    "count": {
                        "min": 1,
                        "max": 15
                    }
                }]
            },
            {
                "type": "minecraft:item",
                "name": "minecraft:jungle_log",
                "weight": 2,
                "functions": [{
                    "function": "minecraft:set_count",
                    "count": {
                        "min": 1,
                        "max": 15
                    }
                }]
            },
            {
                "type": "minecraft:item",
                "name": "minecraft:oak_planks",
                "weight": 2,
                "functions": [{
                    "function": "minecraft:set_count",
                    "count": {
                        "min": 1,
                        "max": 15
                    }
                }]
            },
            {
                "type": "minecraft:item",
                "name": "minecraft:oak_log",
                "weight": 2
            },
            {
                "type": "minecraft:item",
                "name": "minecraft:acacia_planks",
                "weight": 2,
                "functions": [{
                    "function": "minecraft:set_count",
                    "count": {
                        "min": 1,
                        "max": 15
                    }
                }]
            },
            {
                "type": "minecraft:item",
                "name": "minecraft:acacia_log",
                "weight": 2,
                "functions": [{
                    "function": "minecraft:set_count",
                    "count": {
                        "min": 1,
                        "max": 15
                    }
                }]
            }
        ]
    }]
}
