{
    "pools": [{
        "rolls": {
            "min": 1,
            "max": 5
        },
        "entries": [
            {
                "type": "minecraft:item",
                "name": "minecraft:tadpole_bucket",
                "weight": 2,
                "functions": [{
                    "function": "minecraft:set_count",
                    "count": {
                        "min": 1,
                        "max": 15
                    }
                }]
            },
            {
                "type": "minecraft:item",
                "name": "minecraft:axolotl_bucket",
                "weight": 2,
                "functions": [{
                    "function": "minecraft:set_count",
                    "count": {
                        "min": 1,
                        "max": 15
                    }
                }]
            },
            {
                "type": "minecraft:item",
                "name": "minecraft:pearlescent_froglight",
                "weight": 2,
                "functions": [{
                    "function": "minecraft:set_count",
                    "count": {
                        "min": 1,
                        "max": 15
                    }
                }]
            },
            {
                "type": "minecraft:item",
                "name": "minecraft:sniffer_egg",
                "weight": 2,
                "functions": [{
                    "function": "minecraft:set_count",
                    "count": {
                        "min": 1,
                        "max": 15
                    }
                }]
            },
            {
                "type": "minecraft:item",
                "name": "minecraft:name_tag",
                "weight": 2,
                "functions": [{
                    "function": "minecraft:set_count",
                    "count": {
                        "min": 1,
                        "max": 15
                    }
                }]
            },
            {
                "type": "minecraft:item",
                "name": "minecraft:ender_pearl",
                "weight": 2,
                "functions": [{
                    "function": "minecraft:set_count",
                    "count": {
                        "min": 1,
                        "max": 15
                    }
                }]
            },
            {
                "type": "minecraft:item",
                "name": "minecraft:verdant_froglight",
                "weight": 2,
                "functions": [{
                    "function": "minecraft:set_count",
                    "count": {
                        "min": 1,
                        "max": 15
                    }
                }]
            },
            {
                "type": "minecraft:item",
                "name": "minecraft:ochre_froglight",
                "weight": 2,
                "functions": [{
                    "function": "minecraft:set_count",
                    "count": {
                        "min": 1,
                        "max": 15
                    }
                }]
            },
            {
                "type": "minecraft:item",
                "name": "minecraft:enchanted_book",
                "weight": 2,
                "functions": [{
                    "function": "minecraft:set_count",
                    "count": {
                        "min": 1,
                        "max": 15
                    }
                }, {
                    "function": "minecraft:set_name",
                    "entity": "this",
                    "name": "Weapons Ticket"
                }]
            },
            {
                "type": "minecraft:item",
                "name": "minecraft:nautilus_shell",
                "weight": 2,
                "functions": [{
                    "function": "minecraft:set_count",
                    "count": {
                        "min": 1,
                        "max": 15
                    }
                }]
            }
        ]
    }, {
        "rolls": {
            "min": 1,
            "max": 5
        },
        "entries": [
            {
                "type": "minecraft:item",
                "name": "minecraft:iron_axe",
                "weight": 2,
                "functions": [{
                    "function": "minecraft:enchant_randomly"
                }, {
                    "function": "minecraft:set_count",
                    "count": {
                        "min": 1,
                        "max": 15
                    }
                }, {
                "function": "minecraft:set_count",
                "count": {
                    "min": 1,
                    "max": 15
                }
            }]
            },
            {
                "type": "minecraft:item",
                "name": "minecraft:iron_hoe",
                "weight": 5,
                "functions": [{
                    "function": "minecraft:enchant_randomly"
                }, {
                    "function": "minecraft:set_count",
                    "count": {
                        "min": 1,
                        "max": 15
                    }
                }, {
                "function": "minecraft:set_count",
                "count": {
                    "min": 1,
                    "max": 15
                }
            }]
            },
            {
                "type": "minecraft:item",
                "name": "minecraft:iron_pickaxe",
                "weight": 2,
                "functions": [{
                    "function": "minecraft:enchant_randomly"
                }, {
                    "function": "minecraft:set_count",
                    "count": {
                        "min": 1,
                        "max": 15
                    }
                }, {
                "function": "minecraft:set_count",
                "count": {
                    "min": 1,
                    "max": 15
                }
            }]
            },
            {
                "type": "minecraft:item",
                "name": "minecraft:iron_shovel",
                "weight": 2,
                "functions": [{
                    "function": "minecraft:enchant_randomly"
                }, {
                    "function": "minecraft:set_count",
                    "count": {
                        "min": 1,
                        "max": 15
                    }
                }, {
                "function": "minecraft:set_count",
                "count": {
                    "min": 1,
                    "max": 15
                }
            }]
            },
            {
                "type": "minecraft:item",
                "name": "minecraft:iron_sword",
                "weight": 2,
                "functions": [{
                    "function": "minecraft:enchant_randomly"
                }, {
                    "function": "minecraft:set_count",
                    "count": {
                        "min": 1,
                        "max": 15
                    }
                }, {
                "function": "minecraft:set_count",
                "count": {
                    "min": 1,
                    "max": 15
                }
            }]
            },
            {
                "type": "minecraft:item",
                "name": "minecraft:iron_boots",
                "weight": 2,
                "functions": [{
                    "function": "minecraft:enchant_randomly"
                }, {
                    "function": "minecraft:set_count",
                    "count": {
                        "min": 1,
                        "max": 15
                    }
                }, {
                "function": "minecraft:set_count",
                "count": {
                    "min": 1,
                    "max": 15
                }
            }]
            },
            {
                "type": "minecraft:item",
                "name": "minecraft:iron_leggings",
                "weight": 2,
                "functions": [{
                    "function": "minecraft:enchant_randomly"
                }, {
                    "function": "minecraft:set_count",
                    "count": {
                        "min": 1,
                        "max": 15
                    }
                }, {
                "function": "minecraft:set_count",
                "count": {
                    "min": 1,
                    "max": 15
                }
            }]
            },
            {
                "type": "minecraft:item",
                "name": "minecraft:iron_chestplate",
                "weight": 2,
                "functions": [{
                    "function": "minecraft:enchant_randomly"
                }, {
                    "function": "minecraft:set_count",
                    "count": {
                        "min": 1,
                        "max": 15
                    }
                }, {
                "function": "minecraft:set_count",
                "count": {
                    "min": 1,
                    "max": 15
                }
            }]
            },
            {
                "type": "minecraft:item",
                "name": "minecraft:iron_helmet",
                "weight": 2,
                "functions": [{
                    "function": "minecraft:enchant_randomly"
                }, {
                    "function": "minecraft:set_count",
                    "count": {
                        "min": 1,
                        "max": 15
                    }
                }, {
                "function": "minecraft:set_count",
                "count": {
                    "min": 1,
                    "max": 15
                }
            }]
            },
            {
                "type": "minecraft:item",
                "name": "minecraft:iron_horse_armor",
                "weight": 2
            },
            {
                "type": "minecraft:item",
                "name": "minecraft:iron_ingot",
                "weight": 2
            },
            {
                "type": "minecraft:item",
                "name": "minecraft:iron_nugget",
                "weight": 2
            },
            {
                "type": "minecraft:item",
                "name": "minecraft:raw_iron",
                "weight": 2
            },
            {
                "type": "minecraft:item",
                "name": "minecraft:chainmail_boots",
                "weight": 2,
                "functions": [{
                    "function": "minecraft:enchant_randomly"
                }, {
                    "function": "minecraft:set_count",
                    "count": {
                        "min": 1,
                        "max": 15
                    }
                }, {
                "function": "minecraft:set_count",
                "count": {
                    "min": 1,
                    "max": 15
                }
            }]
            },
            {
                "type": "minecraft:item",
                "name": "minecraft:chainmail_chestplate",
                "weight": 2,
                "functions": [{
                    "function": "minecraft:enchant_randomly"
                }, {
                    "function": "minecraft:set_count",
                    "count": {
                        "min": 1,
                        "max": 15
                    }
                }, {
                "function": "minecraft:set_count",
                "count": {
                    "min": 1,
                    "max": 15
                }
            }]
            },
            {
                "type": "minecraft:item",
                "name": "minecraft:chainmail_helmet",
                "weight": 2,
                "functions": [{
                    "function": "minecraft:enchant_randomly"
                }, {
                    "function": "minecraft:set_count",
                    "count": {
                        "min": 1,
                        "max": 15
                    }
                }, {
                "function": "minecraft:set_count",
                "count": {
                    "min": 1,
                    "max": 15
                }
            }]
            },
            {
                "type": "minecraft:item",
                "name": "minecraft:chainmail_leggings",
                "weight": 2,
                "functions": [{
                    "function": "minecraft:enchant_randomly"
                }, {
                    "function": "minecraft:set_count",
                    "count": {
                        "min": 1,
                        "max": 15
                    }
                }, {
                "function": "minecraft:set_count",
                "count": {
                    "min": 1,
                    "max": 15
                }
            }]
            },
            {
                "type": "minecraft:item",
                "name": "minecraft:copper_ingot",
                "weight": 2
            },
            {
                "type": "minecraft:item",
                "name": "minecraft:raw_copper",
                "weight": 2
            },
            {
                "type": "minecraft:item",
                "name": "minecraft:gold_nugget",
                "weight": 2
            },
            {
                "type": "minecraft:item",
                "name": "minecraft:raw_gold",
                "weight": 2
            },
            {
                "type": "minecraft:item",
                "name": "minecraft:quartz",
                "weight": 2
            },
            {
                "type": "minecraft:item",
                "name": "minecraft:amethyst_shard",
                "weight": 2
            },
            {
                "type": "minecraft:item",
                "name": "minecraft:lapis_lazuli",
                "weight": 2
            },
            {
                "type": "minecraft:item",
                "name": "minecraft:redstone",
                "weight": 2
            },
            {
                "type": "minecraft:item",
                "name": "minecraft:emerald",
                "weight": 2
            },
            {
                "type": "minecraft:item",
                "name": "minecraft:enchanted_book",
                "weight": 7,
                "functions": [{
                    "function": "minecraft:enchant_randomly"
                }, {
                    "function": "minecraft:set_name",
                    "entity": "this",
                    "name": "Weapons Ticket"
                }]
            }
        ]
    }]
}
  